location_index,t0,t1,t2,t3,t4,t5,t6,t7,t8,t9,t10,t11,t12,t13,t14,t15,t16,t17,t18,t19,t20,t21,t22,t23,t24,t25,t26,t27,t28,t29,t30,t31,t32,t33,t34,t35,t36,t37,t38,t39,t40,t41,t42,t43,t44,t45,t46,t47,t48,t49,t50,t51,t52,t53,t54,t55,t56,t57,t58,t59,t60,t61,t62,t63,t64,t65,t66,t67,t68,t69,t70,t71,t72,t73,t74,t75,t76,t77,t78,t79,t80,t81
2,17.9,17.9,17.9,17.9,17.9,17.9,21.8,21.8,21.8,21.8,21.8,21.8,21.8,21.8,21.8,21.8,21.8,21.8,17.7,17.7,17.7,17.7,17.7,17.7,17.7,17.7,17.7,17.7,17.7,17.7,20.9,20.9,20.9,20.9,20.9,20.9,20.9,20.9,20.9,20.9,20.9,0,0,0,0,0,0,0,0,0,0,0,0,0,20.9,23.2,23.2,23.2,23.2,23.2,23.2,23.2,23.2,23.2,23.2,23.2,20.7,20.7,20.7,20.7,20.7,20.7,20.7,20.7,20.7,20.7,20.7,20.7,19.6,19.6,19.6,19.6
3,5.2,5.2,5.2,5.2,0,0,0,0,0,0,0,0,0,0,0,0,0,4.9,4.9,4.9,4.9,4.9,4.9,4.9,4.9,4.9,4.9,4.9,4.9,5.1,5.1,5.1,5.1,5.1,5.1,5.1,5.1,5.1,5.1,5.1,5.1,4.9,4.9,4.9,4.9,4.9,4.9,4.9,4.9,4.9,4.9,4.9,4.9,4.8,4.8,4.8,4.8,4.8,4.8,4.8,4.8,4.8,4.8,4.8,4.8,0.1,5.2,5.2,5.2,5.2,5.2,5.2,5.2,5.2,5.2,5.2,5.2,5.2,5.2,5.2,5.2,5.2
4,0,0,0,100.8,100.8,100.8,100.8,100.8,100.8,100.8,100.8,100.8,100.8,100.8,100.8,100.8,100.8,100.8,100.8,100.8,100.8,100.8,100.8,100.8,100.8,100.8,100.8,100.8,100.8,100.8,100.8,100.8,100.8,100.8,100.8,100.8,100.8,100.8,100.8,100.8,100.8,100.8,100.8,100.8,100.8,100.8,100.8,100.8,100.8,100.8,100.8,100.8,100.8,100.8,100.8,100.8,100.8,100.8,100.8,100.8,100.8,100.8,100.8,100.8,100.8,100.8,100.8,100.8,100.8,100.8,100.8,100.8,100.8,100.8,100.8,100.8,100.8,100.8,100.8,100.8,100.8,100.8
5,55.9,55.9,55.9,55.9,55.9,55.9,55.9,44.9,44.9,44.9,44.9,44.9,44.9,44.9,44.9,44.9,44.9,44.9,44.9,50.6,50.6,50.6,50.6,50.6,50.6,50.6,50.6,50.6,50.6,50.6,50.6,52.7,52.7,52.7,52.7,52.7,52.7,52.7,52.7,52.7,52.7,52.7,52.7,54.7,54.7,54.7,54.7,54.7,54.7,54.7,54.7,54.7,54.7,54.7,54.7,49.5,49.5,49.5,49.5,49.5,49.5,49.5,49.5,49.5,49.5,49.5,49.5,52.1,52.1,52.1,52.1,52.1,52.1,52.1,52.1,52.1,52.1,52.1,52.1,49.2,49.2,49.2
6,0,0,0,22.9,22.9,22.9,22.9,22.9,22.9,22.9,22.9,22.9,22.9,22.9,22.9,22.9,22.9,22.9,22.9,22.9,22.9,22.9,22.9,22.9,22.9,22.9,22.9,22.9,22.9,22.9,22.9,22.9,22.9,22.9,22.9,22.9,22.9,22.9,22.9,22.9,22.9,22.9,22.9,22.9,22.9,22.9,22.9,22.9,22.9,22.9,22.9,22.9,22.9,22.9,22.9,22.9,22.9,22.9,22.9,22.9,22.9,22.9,22.9,22.9,22.9,22.9,22.9,22.9,22.9,22.9,22.9,22.9,22.9,22.9,22.9,22.9,22.9,22.9,22.9,22.9,22.9,22.9
7,28.4,28.4,28.4,28.4,28.4,28.4,28.4,28.4,28.4,28.4,28.4,28.4,28.4,28.4,28.4,28.4,28.4,28.4,28.4,28.4,28.4,28.4,28.4,28.4,28.4,28.4,28.4,28.4,28.4,28.4,28.4,28.4,28.4,28.4,28.4,28.4,28.4,28.4,28.4,28.4,28.4,28.4,28.4,28.4,28.4,28.4,28.4,28.4,28.4,28.4,28.4,28.4,28.4,28.4,28.4,28.4,28.4,28.4,28.4,28.4,28.4,28.4,28.4,28.4,28.4,28.4,28.4,28.4,28.4,28.4,28.4,28.4,28.4,28.4,28.4,28.4,28.4,28.4,28.4,28.4,28.4,28.4
8,0,0,0,43.5,43.5,43.5,43.5,43.5,43.5,43.5,43.5,43.5,43.5,43.5,43.5,43.5,43.5,43.5,43.5,43.5,43.5,43.5,43.5,43.5,43.5,43.5,43.5,43.5,43.5,43.5,43.5,43.5,43.5,43.5,43.5,43.5,43.5,43.5,43.5,43.5,43.5,43.5,43.5,43.5,43.5,43.5,43.5,43.5,43.5,43.5,43.5,43.5,43.5,43.5,43.5,43.5,43.5,43.5,43.5,43.5,43.5,43.5,43.5,43.5,43.5,43.5,43.5,43.5,43.5,43.5,43.5,43.5,43.5,43.5,43.5,43.5,43.5,43.5,43.5,43.5,43.5,43.5
9,20.9,20.9,20.9,20.9,20.9,20.5,25.6,25.6,25.6,25.6,25.6,25.6,25.6,25.6,25.6,25.6,25.6,25.6,23.9,23.9,23.9,23.9,23.9,23.9,23.9,23.9,23.9,23.9,23.9,23.9,0.4,25.8,25.8,25.8,25.8,25.8,25.8,25.8,25.8,25.8,25.8,25.8,25.8,23.9,23.9,23.9,23.9,23.9,23.9,23.9,23.9,23.9,23.9,23.9,23.9,26.5,26.5,26.5,26.5,26.5,26.5,26.5,26.5,26.5,26.5,26.5,26.1,24.6,24.6,24.6,24.6,24.6,24.6,24.6,24.6,24.6,24.6,24.6,24.6,20.9,20.9,20.9
10,3.7,3.7,3.7,3.7,3.9,3.9,3.9,3.9,3.9,3.9,3.9,3.9,3.9,3.9,3.9,3.9,3.6,3.6,3.6,3.6,3.6,3.6,3.6,3.6,3.6,3.6,3.6,3.6,3.4,3.4,3.4,3.4,3.4,3.4,3.4,3.4,3.4,3.4,3.4,3.4,3,3,3,3,3,3,3,3,3,3,3,3,3.3,3.3,3.3,3.3,3.3,3.3,3.3,3.3,3.3,3.3,3.3,3.3,3,3,3,3,3,3,3,3,3,3,3,3,3.1,3.1,3.1,3.1,3.1,3.1
11,0.56,0.56,0.56,0.56,0.56,0.56,197.26,207.2,207.2,207.2,207.2,207.2,207.2,207.2,207.2,207.2,207.2,207.2,137.9,137.9,137.9,137.9,137.9,137.9,137.9,137.9,137.9,137.9,137.9,0,0,0,0,0,0,0,0,0,0,0,0,0,0,0,0,0,0,0,0,0,0,0,0,0,0,5.18,82.6,102.48,102.48,102.48,102.48,102.48,102.48,102.48,102.48,102.48,139.16,139.16,139.16,139.16,139.16,139.16,139.16,139.16,139.16,139.16,139.16,139.16,112.98,112.98,112.98,112.98
12,24.2,24.2,24.2,24.2,24.2,24.2,28.5,28.5,28.5,28.5,28.5,28.5,28.5,28.5,28.5,28.5,28.5,28.5,28.3,28.3,28.3,28.3,28.3,28.3,28.3,28.3,28.3,28.3,28.3,28.3,31.2,31.2,31.2,31.2,31.2,31.2,31.2,31.2,31.2,31.2,31.2,31.2,27.6,27.6,27.6,27.6,27.6,27.6,27.6,27.6,27.6,27.6,27.6,27.6,29.8,29.8,29.8,29.8,29.8,29.8,29.8,29.8,29.8,29.8,29.8,29.8,32.6,32.6,32.6,32.6,32.6,32.6,32.6,32.6,32.6,32.6,32.6,32.6,29.2,29.2,29.2,29.2
13,9.5,9.5,9.5,9.5,9.5,11.5,11.5,11.5,11.5,11.5,11.5,11.5,11.5,11.5,11.5,11.5,11.5,12,12,12,12,12,12,12,12,12,12,12,12,10.4,10.4,10.4,10.4,10.4,10.4,10.4,10.4,10.4,10.4,10.4,10.4,14,14,14,14,14,14,14,14,14,14,14,0,0,0,0,0,0,0,0,0,0,0,0,0,0,31,31,31,31,31,31,31,31,31,31,31,22.5,22.5,22.5,22.5,22.5
14,2.8,2.8,2.8,2.8,1.7,1.7,1.7,1.7,1.7,1.7,1.7,1.7,1.7,1.7,1.7,1.7,1.7,1.7,1.7,1.7,1.7,1.7,1.7,1.7,1.7,1.7,1.7,1.7,3.9,3.9,3.9,3.9,3.9,3.9,3.9,3.9,3.9,3.9,3.9,3.9,3.4,3.4,3.4,3.4,3.4,3.4,3.4,3.4,3.4,3.4,3.4,3.4,4,4,4,4,4,4,4,4,4,4,4,4,4,4,4,4,4,4,4,4,4,4,4,4,2.2,2.2,2.2,2.2,2.2,2.2
15,10.9,10.9,10.9,10.9,10.9,11.8,11.8,11.8,11.8,11.8,11.8,11.8,11.8,11.8,11.8,11.8,11.8,11.8,11.8,11.8,11.8,11.8,11.8,11.8,11.8,11.8,11.8,11.8,11.8,12.5,12.5,12.5,12.5,12.5,12.5,12.5,12.5,12.5,12.5,12.5,12.5,12.5,12.5,12.5,12.5,12.5,12.5,12.5,12.5,12.5,12.5,12.5,12.5,10.7,10.7,10.7,10.7,10.7,10.7,10.7,10.7,10.7,10.7,10.7,10.7,10.7,10.7,10.7,10.7,10.7,10.7,10.7,10.7,10.7,10.7,10.7,0,0,0,0,0,0
16,0,0,0,0,0,0,0,240.8,240.8,240.8,240.8,240.8,240.8,240.8,240.8,240.8,240.8,240.8,46.9,46.9,46.9,46.9,46.9,46.9,46.9,46.9,46.9,46.9,46.9,46.9,103.3,103.3,103.3,103.3,103.3,103.3,103.3,103.3,103.3,103.3,103.3,103.3,26.8,26.8,26.8,26.8,26.8,26.8,26.8,26.8,26.8,26.8,26.8,26.8,161.6,161.6,161.6,161.6,161.6,161.6,161.6,161.6,161.6,161.6,161.6,161.6,4.1,4.1,4.1,4.1,4.1,4.1,4.1,4.1,4.1,4.1,4.1,4.1,112.5,112.5,112.5,112.5
17,17.1,17.1,17.1,17.1,28.44,28.44,28.44,28.44,28.44,28.44,28.44,28.44,28.44,28.44,28.44,27.99,20.7,20.7,20.7,20.7,20.7,20.7,20.7,20.7,20.7,20.7,20.7,20.7,24.84,24.84,24.84,24.84,24.84,24.84,24.84,24.84,24.84,24.84,24.84,24.84,22.59,22.59,22.59,22.59,22.59,22.59,22.59,22.59,22.59,22.59,22.59,22.59,0.36,21.24,21.24,21.24,21.24,21.24,21.24,21.24,21.24,21.24,21.24,21.24,21.24,24.66,24.66,24.66,24.66,24.66,24.66,24.66,24.66,24.66,24.66,24.66,24.3,19.62,19.62,19.62,19.62,19.62
18,10.1,10.1,10.1,10.1,10.1,10.1,13.7,13.7,13.7,13.7,13.7,13.7,13.7,13.7,13.7,13.7,13.7,0,0,0,0,0,0,0,0,0,0,0,0,0,11.8,11.3,11.3,11.3,11.3,11.3,11.3,11.3,11.3,11.3,11.3,11.3,10.7,10.7,10.7,10.7,10.7,10.7,10.7,10.7,10.7,10.7,10.7,10.7,16.8,16.8,16.8,16.8,16.8,16.8,16.8,16.8,16.8,16.8,16.8,16.8,10.2,10.2,10.2,10.2,10.2,10.2,10.2,10.2,10.2,10.2,10.2,10.2,10,10,10,10
19,8.1,8.1,8.1,8.1,8.1,8.1,11.8,11.8,11.8,11.8,11.8,11.8,11.8,11.8,11.8,11.8,11.8,0,0,0,0,0,0,0,0,0,0,0,0,0,11,11.6,11.6,11.6,11.6,11.6,11.6,11.6,11.6,11.6,11.6,11.6,10.1,10.1,10.1,10.1,10.1,10.1,10.1,10.1,10.1,10.1,10.1,10.1,11.7,11.7,11.7,11.7,11.7,11.7,11.7,11.7,11.7,11.7,11.7,11.7,10.9,10.9,10.9,10.9,10.9,10.9,10.9,10.9,10.9,10.9,10.9,10.9,9.3,9.3,9.3,9.3
20,3.2,3.2,3.2,3.2,0.1,3,3,3,3,3,3,3,3,3,3,3,3,2.9,2.9,2.9,2.9,2.9,2.9,2.9,2.9,2.9,2.9,2.9,0,0,0,0,0,0,0,0,0,0,0,0,0,2.4,2.2,2.2,2.2,2.2,2.2,2.2,2.2,2.2,2.2,2.2,2.2,0,2.2,2.2,2.2,2.2,2.2,2.2,2.2,2.2,2.2,2.2,2.2,2.2,2.4,2.4,2.4,2.4,2.4,2.4,2.4,2.4,2.4,2.4,2.4,2.4,2,2,2,2
21,32.2,32.2,32.2,32.2,32.2,32.2,32.2,32.9,32.9,32.9,32.9,32.9,32.9,32.9,32.9,32.9,32.9,32.9,32.9,33.4,33.4,33.4,33.4,33.4,33.4,33.4,33.4,33.4,33.4,33.4,33.4,34,34,34,34,34,34,34,34,34,34,34,34,35,35,35,35,35,35,35,35,35,35,35,35,35.9,35.9,35.9,35.9,35.9,35.9,35.9,35.9,35.9,35.9,35.9,35.9,32.4,32.4,32.4,32.4,32.4,32.4,32.4,32.4,32.4,32.4,32.4,32.4,30.9,30.9,30.9
22,14.7,14.7,14.7,17.7,17.7,17.7,16.9,16.7,16.7,14.3,14.3,14.3,14.3,14.3,14.3,15.3,15.3,15.3,14.4,14.4,14.4,16.9,16.9,16.9,16.9,16.9,16.9,16.4,16.4,15.8,17.3,17.1,17.1,15.5,15.5,15.5,15.5,15.5,15.5,15.7,15.7,15.7,16.1,16.4,16.4,17.7,17.7,17.7,17.7,17.7,17.7,16,16,16,15.6,15.4,15.4,14.5,14.5,14.5,14.5,14.5,14.5,15,15,15,15.3,15.5,15.5,18.5,18.5,18.5,18.5,18.5,18.5,17,17,17,15.9,16.9,16.9,15.5
23,24,24,24,24,24,24,24,24,24,24,24,23.6,23.7,23.7,23.7,23.7,23.7,23.7,23.7,23.7,23.7,23.7,23.7,24.2,24.5,24.5,24.5,24.5,24.5,24.5,24.5,24.5,24.5,24.5,24.5,24.5,0.4,25.2,25.2,25.2,25.2,25.2,25.2,25.2,25.2,25.2,25.2,25.2,25.2,25.2,25.2,25.2,25.2,25.2,25.2,25.2,25.2,25.2,25.2,25.2,0,0,0,0,0,0,0,0,0,0,0,0,0,0,0,0,0,0,0,0,0,0
24,26.1,26.1,26.1,26.1,26.1,26.1,0,0,0,0,0,0,0,0,0,0,0,0,0,24.7,25.5,25.5,25.5,25.5,25.5,25.5,25.5,25.5,25.5,25.5,25.5,25.5,25.5,25.5,25.5,25.5,25.5,25.5,25.5,25.5,25.5,25.5,25.5,28.9,28.9,28.9,28.9,28.9,28.9,28.9,28.9,28.9,28.9,28.9,28.9,20.1,20.1,20.1,20.1,20.1,20.1,20.1,20.1,20.1,20.1,20.1,20.1,24.5,24.5,24.5,24.5,24.5,24.5,24.5,24.5,24.5,24.5,24.5,24.5,24.5,24.5,24.5
25,1.4,1.4,1.4,1.4,1.4,120.7,120.7,120.7,120.7,120.7,120.7,120.7,120.7,120.7,120.7,120.7,120.7,2,86.4,86.4,86.4,86.4,86.4,86.4,86.4,86.4,86.4,86.4,86.4,0,0,0,0,0,0,0,0,0,0,0,0,0,0,0,0,0,0,0,0,0,0,0,0,0,0,0,49.1,49.1,49.1,49.1,49.1,49.1,49.1,49.1,49.1,49.1,49.1,121,121,121,121,121,121,121,121,121,121,121,119,41.9,41.9,41.9
26,23.3,23.3,23.3,23.3,23.3,23.3,24.9,24.9,24.9,24.9,24.9,24.9,24.9,24.9,24.9,24.9,24.9,24.9,29.3,29.3,29.3,29.3,29.3,29.3,29.3,29.3,29.3,29.3,29.3,29.3,27.3,27.3,27.3,27.3,27.3,27.3,27.3,27.3,27.3,27.3,27.3,27.3,26.1,26.1,26.1,26.1,26.1,26.1,26.1,26.1,26.1,26.1,26.1,26.1,26.2,26.2,26.2,26.2,26.2,26.2,26.2,26.2,26.2,26.2,26.2,26.2,23.4,23.4,23.4,23.4,23.4,23.4,23.4,23.4,23.4,23.4,23.4,23.4,24.3,24.3,24.3,24.3
27,0.7,0.7,0.7,0.7,0.7,167.8,167.8,167.8,167.8,167.8,167.8,167.8,167.8,167.8,167.8,167.8,167.8,137.6,137.6,137.6,137.6,137.6,137.6,137.6,137.6,137.6,137.6,137.6,137.6,42.4,42.4,42.4,42.4,42.4,42.4,42.4,42.4,42.4,42.4,42.4,42.4,127,127,127,127,127,127,127,127,127,127,127,127,50.9,50.9,50.9,50.9,50.9,50.9,50.9,50.9,50.9,50.9,50.9,50.9,168,168,168,168,168,168,168,168,168,168,168,168,0.7,0.7,0.7,0.7,0.7
28,20.5,20.5,20.5,20.5,20.5,20.5,20.5,31.2,31.2,31.2,31.2,31.2,31.2,31.2,31.2,31.2,31.2,31.2,31.2,27.5,27.5,27.5,27.5,27.5,27.5,27.5,27.5,27.5,27.5,27.5,0,0,0,0,0,0,0,0,0,0,0,0,0,27.6,30,30,30,30,30,30,30,30,30,30,30,32.8,32.8,32.8,32.8,32.8,32.8,32.8,32.8,32.8,32.8,32.8,32.8,24.7,25.2,25.2,25.2,25.2,25.2,25.2,25.2,25.2,25.2,25.2,25.2,21.9,21.9,21.9
29,3.9,3.9,3.9,3.9,3.9,3.9,0,0,0,0,0,0,0,0,0,0,0,0,0,4.8,6.4,6.4,6.4,6.4,6.4,6.4,6.4,6.4,6.4,6.4,6.4,4.4,4.4,4.4,4.4,4.4,4.4,4.4,4.4,4.4,4.4,4.4,4.4,2.5,2.5,2.5,2.5,2.5,2.5,2.5,2.5,2.5,2.5,2.5,2.5,0,3.2,3.2,3.2,3.2,3.2,3.2,3.2,3.2,3.2,3.2,3.2,3.2,3.7,3.7,3.7,3.7,3.7,3.7,3.7,3.7,3.7,3.7,3.7,3.7,4.8,4.8
30,17.9,17.9,17.9,17.9,17.9,17.9,17.9,11.8,11.8,11.8,11.8,11.8,11.8,11.8,11.8,11.8,11.8,11.8,11.8,18.1,18.1,18.1,18.1,18.1,18.1,18.1,18.1,18.1,18.1,18.1,0,0,0,0,0,0,0,0,0,0,0,0,0,0,0,0,0,0,0,0,0,0,0,0,0,0,15.1,16.2,16.2,16.2,16.2,16.2,16.2,16.2,16.2,16.2,16.2,16,15.3,15.3,15.3,15.3,15.3,15.3,15.3,15.3,15.3,15.3,15.3,15.3,0.3,17.4
31,11.8,11.8,11.8,11.8,11.8,11.8,0.2,16.5,16.5,16.5,16.5,16.5,16.5,16.5,16.5,16.5,16.5,16.5,16.5,13.1,13.1,13.1,13.1,13.1,13.1,13.1,13.1,13.1,13.1,13.1,0,0,0,0,0,0,0,0,0,0,0,0,0,13.9,15.4,15.4,15.4,15.4,15.4,15.4,15.4,15.4,15.4,15.4,15.4,15,15,15,15,15,15,15,15,15,15,15,15,13.8,13.8,13.8,13.8,13.8,13.8,13.8,13.8,13.8,13.8,13.8,13.8,0.2,11.1,11.1
32,5.2,5.2,5.2,5.2,5.2,5.2,6.4,6.4,6.4,6.4,6.4,6.4,6.4,6.4,6.4,6.4,6.4,6.4,5.1,5.1,5.1,5.1,5.1,5.1,5.1,5.1,5.1,5.1,5.1,5.1,6.6,6.6,6.6,6.6,6.6,6.6,6.6,6.6,6.6,6.6,6.6,6.6,7.2,7.2,7.2,7.2,7.2,7.2,7.2,7.2,7.2,7.2,7.2,7.2,7.6,7.6,7.6,7.6,7.6,7.6,7.6,7.6,7.6,7.6,7.6,7.6,5.9,5.9,5.9,5.9,5.9,5.9,5.9,5.9,5.9,5.9,5.9,5.9,6.3,6.3,6.3,6.3
33,59.4,59.4,59.4,59.4,59.4,58.4,70.4,70.4,70.4,70.4,70.4,70.4,70.4,70.4,70.4,70.4,70.4,0,0,0,0,0,0,0,0,0,0,0,0,0,0,70.8,70.8,70.8,70.8,70.8,70.8,70.8,70.8,70.8,70.8,70.8,1.2,61.6,61.6,61.6,61.6,61.6,61.6,61.6,61.6,61.6,61.6,61.6,61.6,64.9,64.9,64.9,64.9,64.9,64.9,64.9,64.9,64.9,64.9,64.9,64.9,61.8,61.8,61.8,61.8,61.8,61.8,61.8,61.8,61.8,61.8,61.8,60.2,56.5,56.3,56.3
34,4.4,4.4,4.4,4.4,4.4,4.1,4.1,4.1,4.1,4.1,4.1,4.1,4.1,4.1,4.1,4.1,4.1,5.1,5.1,5.1,5.1,5.1,5.1,5.1,5.1,5.1,5.1,5.1,0,0,0,0,0,0,0,0,0,0,0,0,0,4.6,4.7,4.7,4.7,4.7,4.7,4.7,4.7,4.7,4.7,4.7,4.7,3.5,3.5,3.5,3.5,3.5,3.5,3.5,3.5,3.5,3.5,3.5,3.5,2.7,2.7,2.7,2.7,2.7,2.7,2.7,2.7,2.7,2.7,2.7,2.7,5.7,5.7,5.7,5.7,5.7
35,16.1,16.1,16.1,16.1,16.1,16.1,0,0,0,0,0,0,0,0,0,0,0,0,0,16.2,16.2,16.2,16.2,16.2,16.2,16.2,16.2,16.2,16.2,16.2,16.2,22.4,22.4,22.4,22.4,22.4,22.4,22.4,22.4,22.4,22.4,22.4,22.4,16.9,16.9,16.9,16.9,16.9,16.9,16.9,16.9,16.9,16.9,16.9,16.9,18.6,18.6,18.6,18.6,18.6,18.6,18.6,18.6,18.6,18.6,18.6,18.6,14.6,14.6,14.6,14.6,14.6,14.6,14.6,14.6,14.6,14.6,14.6,14.6,17.7,17.7,17.7
36,0,0,0,0,0,0,0,0,0,0,0,0,0,0,0,0,0,10.4,13.8,13.8,13.8,13.8,13.8,13.8,13.8,13.8,13.8,13.8,13.8,18.1,18.1,18.1,18.1,18.1,18.1,18.1,18.1,18.1,18.1,18.1,18.1,17.3,17.3,17.3,17.3,17.3,17.3,17.3,17.3,17.3,17.3,17.3,17.3,16.4,16.4,16.4,16.4,16.4,16.4,16.4,16.4,16.4,16.4,16.4,16.4,16.2,16.2,16.2,16.2,16.2,16.2,16.2,16.2,16.2,16.2,16.2,16.2,15.6,15.6,15.6,15.6,15.6
37,14.6,14.6,14.6,14.6,14.6,14.6,0.2,15.7,15.7,15.7,15.7,15.7,15.7,15.7,15.7,15.7,15.7,15.7,15.4,15.5,16.2,17,17,17,17,17,17,17,17,17,17,16.9,16.9,16.9,16.9,16.9,16.9,16.9,16.9,16.9,16.9,16.9,16.9,16.3,16.3,16.3,16.3,16.3,16.3,16.3,16.3,16.3,16.3,16.3,16.3,16.6,16.6,16.6,16.6,16.6,16.6,16.6,16.6,16.6,16.6,16.6,16.6,14.9,14.9,14.9,14.9,14.9,14.9,14.9,14.9,14.9,14.9,14.9,14.9,0.2,15.8,15.8
38,34.7,34.7,34.7,34.7,34.7,35.2,35.2,35.2,35.2,35.2,35.2,35.2,35.2,35.2,35.2,35.2,35.2,33.8,33.8,33.8,33.8,33.8,33.8,33.8,33.8,33.8,33.8,33.8,33.8,36.1,36.1,36.1,36.1,36.1,36.1,36.1,36.1,36.1,36.1,36.1,36.1,32.5,32.5,32.5,32.5,32.5,32.5,32.5,32.5,32.5,32.5,32.5,32.5,33.1,33.1,33.1,33.1,33.1,33.1,33.1,33.1,33.1,33.1,33.1,33.1,33.2,33.2,33.2,33.2,33.2,33.2,33.2,33.2,33.2,33.2,33.2,33.2,33.2,33.2,33.2,33.2,33.2
39,2.6,2.6,2.6,2.6,2.6,2.6,2.5,2.5,2.5,2.5,2.5,2.5,2.5,2.5,2.5,2.5,2.5,2.5,2.7,2.7,2.7,2.7,2.7,2.7,2.7,2.7,2.7,2.7,2.7,2.7,2.7,2.7,2.7,2.7,2.7,2.7,2.7,2.7,2.7,2.7,2.7,2.7,2.8,2.8,2.8,2.8,2.8,2.8,2.8,2.8,2.8,2.8,2.8,0,0,0,0,0,0,0,0,0,0,0,0,0,2.8,3.1,3.1,3.1,3.1,3.1,3.1,3.1,3.1,3.1,3.1,3.1,2.7,2.7,2.7,2.7
40,32.3,32.3,32.3,32.3,32.3,32.3,23.3,23.3,23.3,23.3,23.3,23.3,23.3,23.3,23.3,23.3,23.3,22.9,35,35,35,35,35,35,35,35,35,35,35,35,26.9,26.9,26.9,26.9,26.9,26.9,26.9,26.9,26.9,26.9,26.9,26.9,21,21,21,21,21,21,21,21,21,21,21,21,0,0,0,0,0,0,0,0,0,0,0,0,0,0,38.3,38.3,38.3,38.3,38.3,38.3,38.3,38.3,38.3,38.3,37.7,29.2,29.2,29.2
41,34.5,34.5,34.5,34.5,39.3,39.3,39.3,39.3,39.3,39.3,39.3,39.3,39.3,39.3,39.7,40.1,36.7,36.7,36.7,36.7,36.7,36.7,36.7,36.7,36.7,36.7,36.7,36.1,39.9,39.9,39.9,39.9,39.9,39.9,39.9,39.9,39.9,39.9,39.9,39.9,37.3,37.3,37.3,37.3,37.3,37.3,37.3,37.3,37.3,37.3,37.3,37.3,0.6,41.5,41.5,41.5,41.5,41.5,41.5,41.5,41.5,41.5,41.5,41.5,41.5,41.5,41.5,41.5,41.5,41.5,41.5,41.5,41.5,41.5,41.5,41.5,41.5,39.4,39.4,39.4,39.4,39.4
42,14.7,14.7,14.7,14.7,14.7,16,16,16,16,16,16,16,16,16,16,16,16,14.4,14.4,14.4,14.4,14.4,14.4,14.4,14.4,14.4,14.4,14.4,0,0,0,0,0,0,0,0,0,0,0,0,0,11.9,9.9,9.9,9.9,9.9,9.9,9.9,9.9,9.9,9.9,9.9,9.9,13.3,13.3,13.6,14,14,14,14,14,14,14,14,14,13.4,13.4,13.4,13.4,13.4,13.4,13.4,13.4,13.4,13.4,13.4,13.4,12.5,12.5,12.5,12.5,12.5
43,0,0,0,0,0,0,0,0,0,0,0,0,5.6,5.6,5.6,5.6,5.6,5.6,5.6,5.6,5.6,5.6,5.6,5.6,0.1,6.2,6.2,6.2,6.2,6.2,6.2,6.2,6.2,6.2,6.2,6.2,6.2,6.1,6.1,6.1,6.1,6.1,6.1,6.1,6.1,6.1,6.1,6.1,6,5.3,5.3,5.3,5.3,5.3,5.3,5.3,5.3,5.3,5.3,5.3,5.3,5.1,5.1,5.1,5.1,5.1,5.1,5.1,5.1,5.1,5.1,5.1,5.1,0.1,5.9,5.9,5.9,5.9,5.9,5.9,5.9,5.9
44,1.6,1.6,1.6,1.6,1.6,1.6,1.5,1.5,1.5,1.5,1.5,1.5,1.5,1.5,1.5,1.5,1.5,1.4,1.2,1.2,1.2,1.2,1.2,1.2,1.2,1.2,1.2,1.2,1.2,0,0,0,0,0,0,0,0,0,0,0,0,0,1.4,1.7,1.7,1.7,1.7,1.7,1.7,1.7,1.7,1.7,1.7,1.7,0,1.7,1.7,1.7,1.7,1.7,1.7,1.7,1.7,1.7,1.7,1.7,1.7,3.8,3.8,3.8,3.8,3.8,3.8,3.8,3.8,3.8,3.8,3.8,3.8,3.1,3.1,3.1
45,11.2,11.2,11.2,11.2,11.2,11.2,14.4,14.4,14.4,14.4,14.4,14.4,14.4,14.4,14.4,14.4,14.4,14.4,15,15,15,15,15,15,15,15,15,15,15,15,18.7,18.7,18.7,18.7,18.7,18.7,18.7,18.7,18.7,18.7,18.7,18.7,17,17,17,17,17,17,17,17,17,17,17,17,17.3,17.3,17.3,17.3,17.3,17.3,17.3,17.3,17.3,17.3,17.3,17.3,17.3,17.3,17.3,17.3,17.3,17.3,17.3,17.3,17.3,17.3,17.3,17.3,14.2,14.2,14.2,14.2
46,2.4,2.4,2.4,2.4,2.4,2.4,2.4,2.7,2.7,2.7,2.7,2.7,2.7,2.7,2.7,2.7,2.7,2.7,0,0,0,0,0,0,0,0,0,0,0,0,0,2.8,3,3,3,3,3,3,3,3,3,3,3,3.1,3.1,3.1,3.1,3.1,3.1,3.1,3.1,3.1,3.1,3.1,3.1,3.3,3.3,3.3,3.3,3.3,3.3,3.3,3.3,3.3,3.3,3.3,3.3,3.5,3.5,3.5,3.5,3.5,3.5,3.5,3.5,3.5,3.5,3.5,3.5,3.4,3.4,3.4
47,1.1,1.1,1.1,1.1,1.1,1.1,0,4.9,4.9,4.9,4.9,4.9,4.9,4.9,4.9,4.9,4.9,4.9,4.9,1.5,1.5,1.5,1.5,1.5,1.5,1.5,1.5,1.5,1.5,1.5,1.5,0,7.2,7.2,7.2,7.2,7.2,7.2,7.2,7.2,7.2,7.2,7.2,7.2,2.4,2.4,2.4,2.4,2.4,2.4,2.4,2.4,2.4,2.4,2.4,2.3,7.1,7.1,7.1,7.1,7.1,7.1,7.1,7.1,7.1,7.1,7.1,7.1,0.1,1,1,1,1,1,1,1,1,1,1,1,1,0.7
48,0,0,0,31.1,31.1,31.1,31.1,31.1,31.1,31.1,31.1,31.1,31.1,31.1,31.1,31.1,31.1,31.1,31.1,31.1,31.1,31.1,31.1,31.1,31.1,31.1,31.1,31.1,31.1,31.1,31.1,31.1,31.1,31.1,31.1,31.1,31.1,31.1,31.1,31.1,31.1,31.1,31.1,31.1,31.1,31.1,31.1,31.1,31.1,31.1,31.1,31.1,31.1,31.1,31.1,31.1,31.1,31.1,31.1,31.1,31.1,31.1,31.1,31.1,31.1,31.1,31.1,31.1,31.1,31.1,31.1,31.1,31.1,31.1,31.1,31.1,31.1,31.1,31.1,31.1,31.1,31.1
49,1.2,1.2,1.2,1.2,1.3,1.3,1.3,1.3,1.3,1.3,1.3,1.3,1.3,1.3,1.3,1.3,1.1,1.1,1.1,1.1,1.1,1.1,1.1,1.1,1.1,1.1,1.1,1.1,1,1,1,1,1,1,1,1,1,1,1,1,1.2,1.2,1.2,1.2,1.2,1.2,1.2,1.2,1.2,1.2,1.2,1.2,1.2,1.2,1.2,1.2,1.2,1.2,1.2,1.2,1.2,1.2,1.2,1.2,0.9,0.9,0.9,0.9,0.9,0.9,0.9,0.9,0.9,0.9,0.9,0.9,1,1,1,1,1,1
50,1.5,1.5,1.5,1.5,1.5,3.7,3.7,3.7,3.7,3.7,3.7,3.7,3.7,3.7,3.7,3.7,3.7,4.2,4.2,4.2,4.2,4.2,4.2,4.2,4.2,4.2,4.2,4.2,4.2,4.1,4.1,4.1,4.1,4.1,4.1,4.1,4.1,4.1,4.1,4.1,4.1,3.3,3.3,3.3,3.3,3.3,3.3,3.3,3.3,3.3,3.3,3.3,3.3,3.4,3.4,3.4,3.4,3.4,3.4,3.4,3.4,3.4,3.4,3.4,3.4,4,4,4,4,4,4,4,4,4,4,4,4,3,3,3,3,3
51,3.4,3.4,3.4,3.4,3.4,3.4,3.4,3.4,3.4,3.4,3.4,3.4,3.4,3.4,5,5,5,5,5,5,5,5,5,5,5,5,5.1,5.1,5.1,5.1,5.1,5.1,5.1,5.1,5.1,5.1,5.1,5.1,6.6,6.6,6.6,6.6,6.6,6.6,6.6,6.6,6.6,6.6,6.6,6,6.2,5.9,5.9,5.9,5.9,5.9,5.9,5.9,5.9,5.9,5.9,5.9,5.3,5.3,5.3,5.3,5.3,5.3,5.3,5.3,5.3,5.6,5.7,5.7,3.9,3.9,3.9,3.9,3.9,3.9,3.9,3.9
52,3.9,3.9,3.9,3.9,3.6,3.6,3.6,3.6,3.6,3.6,3.6,3.6,3.6,3.6,3.6,3.6,0.1,4.1,4.1,4.1,4.1,4.1,4.1,4.1,4.1,4.1,4.1,4.1,4.1,4.3,4.3,4.3,4.3,4.3,4.3,4.3,4.3,4.3,4.3,4.3,4.3,4.3,4.3,4.3,4.3,4.3,4.3,4.3,4.3,4.3,4.3,4.3,4.3,4.1,4.1,4.1,4.1,4.1,4.1,4.1,4.1,4.1,4.1,4.1,4.1,4.8,4.8,4.8,4.8,4.8,4.8,4.8,4.8,4.8,4.8,4.8,4.8,4.6,4.6,4.6,4.6,4.6
53,4,4,4,4,4,4,3.9,3.9,3.9,3.9,3.9,3.9,3.9,3.9,3.9,3.9,3.9,3.9,3.8,3.8,3.8,3.8,3.8,3.8,3.8,3.8,3.8,3.8,3.8,3.8,3.7,3.7,3.7,3.7,3.7,3.7,3.7,3.7,3.7,3.7,3.7,3.7,3.7,3.7,3.7,3.7,3.7,3.7,3.7,3.7,3.7,3.7,3.7,3.7,3.6,3.6,3.6,3.6,3.6,3.6,3.6,3.6,3.6,3.6,3.6,3.6,3.9,3.9,3.9,3.9,3.9,3.9,3.9,3.9,3.9,3.9,3.9,3.9,3.9,3.9,3.9,3.9
54,23.9,23.9,23.9,23.9,23.9,29.6,29.6,29.6,29.6,29.6,29.6,29.6,29.6,29.6,29.6,29.6,29.6,26.6,26.6,26.6,26.6,26.6,26.6,26.6,26.6,26.6,26.6,26.6,26.6,27.8,27.8,27.8,27.8,27.8,27.8,27.8,27.8,27.8,27.8,27.8,27.8,26.1,26.1,26.1,26.1,26.1,26.1,26.1,26.1,26.1,26.1,26.1,26.1,28.2,28.2,28.2,28.2,28.2,28.2,28.2,28.2,28.2,28.2,28.2,28.2,23.5,23.5,23.5,23.5,23.5,23.5,23.5,23.5,23.5,23.5,23.5,23.5,21.2,21.2,21.2,21.2,21.2
55,0.1,0.1,0.1,0.1,72,72,72,72,72,72,72,72,72,72,72,0,0,0,0,0,0,0,0,0,0,0,0,0,0,4.4,4.4,4.4,4.4,4.4,4.4,4.4,4.4,4.4,4.4,4.4,2.1,2.1,2.1,2.1,2.1,2.1,2.1,2.1,2.1,2.1,2.1,2.1,2.8,2.8,2.8,2.8,2.8,2.8,2.8,2.8,2.8,2.8,2.8,2.8,17.4,17.4,17.4,17.4,17.4,17.4,17.4,17.4,17.4,17.4,17.4,17.4,0.6,0.6,0.6,0.6,0.6,0.6
56,3.1,3.1,3.1,3.1,142.6,142.6,142.6,142.6,142.6,142.6,142.6,142.6,142.6,142.6,142.6,142.6,2.8,2.8,2.8,2.8,2.8,2.8,2.8,2.8,2.8,2.8,2.8,2.8,165.3,165.3,165.3,165.3,165.3,165.3,165.3,165.3,165.3,165.3,165.3,165.3,3.1,3.1,3.1,3.1,3.1,3.1,3.1,3.1,3.1,3.1,3.1,0,0,0,0,0,0,0,0,0,0,0,0,0,0,1.5,1.5,1.5,1.5,1.5,1.5,1.5,1.5,1.5,1.5,1.5,3.5,3.5,3.5,3.5,3.5,3.5
57,4,4,4,4,4,0.1,4.4,4.4,4.4,4.4,4.4,4.4,4.4,4.4,4.4,4.4,4.4,0,0,0,0,0,0,0,0,0,0,0,0,0,0,4.8,6.2,6.2,6.2,6.2,6.2,6.2,6.2,6.2,6.2,6.2,6.1,4.9,4.9,4.9,4.9,4.9,4.9,4.9,4.9,4.9,4.9,4.9,4.9,4.6,4.6,4.6,4.6,4.6,4.6,4.6,4.6,4.6,4.6,4.6,4.6,0.1,3.9,3.9,3.9,3.9,3.9,3.9,3.9,3.9,3.9,3.9,3.9,3.9,3.8,3.8
58,0,0,0,0,0,0,0,0,114.4,218.8,218.8,218.8,218.8,218.8,218.8,218.8,218.8,218.8,18.5,18.5,18.5,18.5,18.5,18.5,18.5,18.5,18.5,18.5,18.5,18.5,163.5,163.5,163.5,163.5,163.5,163.5,163.5,163.5,163.5,163.5,163.5,163.5,0,0,0,0,0,0,0,0,0,0,0,0,145.6,169.9,169.9,169.9,169.9,169.9,169.9,169.9,169.9,169.9,169.9,169.9,0,0,0,0,0,0,0,0,0,0,0,0,61.8,90.6,90.6,90.6
59,3.4,3.4,3.4,3.4,3.4,3.4,3.4,5.8,5.8,5.8,5.8,5.8,5.8,5.8,5.8,5.8,5.8,5.8,5.7,4.9,4.9,4.9,4.9,4.9,4.9,4.9,4.9,4.9,4.9,4.9,4.9,0.1,5.7,5.7,5.7,5.7,5.7,5.7,5.7,5.7,5.7,5.7,5.7,5.7,4.1,4.1,4.1,4.1,4.1,4.1,4.1,4.1,4.1,4.1,4.1,4.1,0.1,4.8,4.8,4.8,4.8,4.8,4.8,4.8,4.8,4.8,4.8,4.8,4.8,3.9,3.9,3.9,3.9,3.9,3.9,3.9,3.9,3.9,3.9,3.9,3.9,3.8
60,3.1,3.1,3.1,3.1,3.1,3.1,3.1,5.5,5.5,5.5,5.5,5.5,5.5,5.5,5.5,5.5,5.5,5.5,5.5,5.5,5.5,5.5,5.5,5.5,5.5,5.5,5.5,5.5,5.5,5.5,0,0,0,0,0,0,0,0,0,0,0,0,0,0,0,0,0,0,0,0,0,0,0,0,0,5.1,5.2,5.2,5.2,5.2,5.2,5.2,5.2,5.2,5.2,5.2,5.2,5.2,5.2,5.2,5.2,5.2,5.2,5.2,5.2,5.2,5.2,5.2,5.2,3.4,3.4,3.4
61,8.1,8.1,8.1,8.1,8.1,11,11,11,11,11,11,11,11,11,11,11,11,11.2,11.2,11.2,11.2,11.2,11.2,11.2,11.2,11.2,11.2,11.2,11.2,10.8,10.8,10.8,10.8,10.8,10.8,10.8,10.8,10.8,10.8,10.8,10.8,14.8,14.8,14.8,14.8,14.8,14.8,14.8,14.8,14.8,14.8,14.8,14.8,18.8,18.8,18.8,18.8,18.8,18.8,18.8,18.8,18.8,18.8,18.8,18.8,8.1,8.1,8.1,8.1,8.1,8.1,8.1,8.1,8.1,8.1,8.1,8.1,4.2,4.2,4.2,4.2,4.2
62,4.6,4.6,4.6,4.6,4.5,8.5,8.5,8.5,8.5,8.5,8.5,8.5,8.5,8.5,8.5,8.5,0,0,0,0,0,0,0,0,0,0,0,0,0,0,2.9,7.8,7.8,7.8,7.8,7.8,7.8,7.8,7.8,7.8,7.8,7.8,7.4,7.4,7.4,7.4,7.4,7.4,7.4,7.4,7.4,7.4,7.4,7.4,7.9,7.9,7.9,7.9,7.9,7.9,7.9,7.9,7.9,7.9,7.9,7.8,5.6,5.6,5.6,5.6,5.6,5.6,5.6,5.6,5.6,5.6,5.6,5.6,4.1,4.1,4.1,4.1
63,2,2,2,2,1.9,1.9,1.9,1.9,1.9,1.9,1.9,1.9,1.9,1.9,1.9,1.9,1.9,1.7,1.7,1.7,1.7,1.7,1.7,1.7,1.7,1.7,1.7,1.7,1.7,1.8,1.8,1.8,1.8,1.8,1.8,1.8,1.8,1.8,1.8,1.8,1.8,0,1.6,1.6,1.6,1.6,1.6,1.6,1.6,1.6,1.6,1.6,1.6,0,0,0,0,0,0,0,0,0,0,0,0,0,1.5,1.6,1.6,1.6,1.6,1.6,1.6,1.6,1.6,1.6,1.6,1.6,1.6,1.6,1.6,1.6
64,1.2,1.2,1.2,1.2,3.4,3.4,3.4,3.4,3.4,3.4,3.4,3.4,3.4,3.4,3.4,3.4,1.9,1.9,1.9,1.9,1.9,1.9,1.9,1.9,1.9,1.9,1.9,1.9,4.3,4.3,4.3,4.3,4.3,4.3,4.3,4.3,4.3,4.3,4.3,4.3,3.2,3.2,3.2,3.2,3.2,3.2,3.2,3.2,3.2,3.2,3.2,3.2,5,5,5,5,5,5,5,5,5,5,5,5,3.8,3.8,3.8,3.8,3.8,3.8,3.8,3.8,3.8,3.8,3.8,3.8,2.6,2.6,2.6,2.6,2.6,2.6
65,6.1,6.1,6.1,6.1,6.1,0,0,0,0,0,0,0,0,0,0,0,0,0,5.6,5.5,5.5,5.5,5.5,5.5,5.5,5.5,5.5,5.5,5.5,5.3,6.1,6.1,6.1,6.1,6.1,6.1,6.1,6.1,6.1,6.1,6.1,6.1,6.8,6.8,6.8,6.8,6.8,6.8,6.8,6.8,6.8,6.8,6.8,6.8,7.8,7.8,7.8,7.8,7.8,7.8,7.8,7.8,7.8,7.8,7.8,7.8,7.8,7.8,7.8,7.8,7.8,7.8,7.8,7.8,7.8,7.8,7.8,7.8,7.5,7.5,7.5,7.5
66,19,19,19,19,19,19,19.1,19.1,19.1,19.1,19.1,19.1,19.1,19.1,19.1,19.1,19.1,19.1,18.4,18.4,18.4,18.4,18.4,18.4,18.4,18.4,18.4,18.4,18.4,18.4,20.4,20.4,20.4,20.4,20.4,20.4,20.4,20.4,20.4,20.4,20.4,20.4,19,19,19,19,19,19,19,19,19,19,19,19,20.3,20.3,20.3,20.3,20.3,20.3,20.3,20.3,20.3,20.3,20.3,20.3,17.2,17.2,17.2,17.2,17.2,17.2,17.2,17.2,17.2,17.2,17.2,17.2,18.3,18.3,18.3,18.3
67,36.6,36.6,36.6,36.6,36.6,36.6,39.6,39.6,39.6,39.6,39.6,39.6,39.6,39.6,39.6,39.6,39.6,39.6,42.9,44.4,44.4,44.4,44.4,44.4,44.4,44.4,44.4,44.4,44.4,44.4,37.7,37.7,37.7,37.7,37.7,37.7,37.7,37.7,37.7,37.7,37.7,37.7,35.8,35.8,35.8,35.8,35.8,35.8,35.8,35.8,35.8,35.8,35.8,35.8,41.6,41.6,41.6,41.6,41.6,41.6,41.6,41.6,41.6,41.6,41.6,41.6,40.1,40.1,40.1,40.1,40.1,40.1,40.1,40.1,40.1,40.1,40.1,40.1,36.5,36.5,36.5,36.5
68,0,0,12.4,13.2,13.2,13.2,13.2,13.2,13.2,13.2,13.2,13.2,13.2,13.2,11.2,11.2,11.2,11.2,11.2,11.2,11.2,11.2,11.2,11.2,11.2,11.2,11,11.1,11.3,11.3,11.3,11.3,11.3,11.3,11.3,11.3,11.3,11.3,10.9,10.9,10.9,10.9,10.9,10.9,10.9,10.9,10.9,10.9,10.9,10.9,11.9,11.9,11.9,11.9,11.9,11.9,11.9,11.9,11.9,11.9,11.9,11.9,9.2,9.2,9.2,9.2,9.2,9.2,9.2,9.2,9.2,9.2,9.2,9.2,10.4,10.4,10.4,10.8,10.9,10.9,10.9,10.9
69,2.8,2.8,2.8,2.8,2.8,2.9,2.9,2.9,2.9,2.9,2.9,2.9,2.9,2.9,2.9,2.9,2.9,2.9,2.9,2.9,2.9,2.9,2.9,2.9,2.9,2.9,2.9,2.9,2.9,2.7,2.7,2.7,2.7,2.7,2.7,2.7,2.7,2.7,2.7,2.7,0,0,0,0,0,0,0,0,0,0,0,0,0,2.7,2.9,2.9,2.9,2.9,2.9,2.9,2.9,2.9,2.9,2.9,2.9,3.2,3.2,3.2,3.2,3.2,3.2,3.2,3.2,3.2,3.2,3.2,3.2,3.5,3.5,3.5,3.5,3.5
70,10.8,10.8,10.8,10.8,11.5,11.5,11.5,11.5,11.5,11.5,11.5,11.5,11.5,11.5,11.5,11.5,12,12,12,12,12,12,12,12,12,12,12,12,12.3,12.3,12.3,12.3,12.3,12.3,12.3,12.3,12.3,12.3,12.3,12.3,10.8,10.8,10.8,10.8,10.8,10.8,10.8,10.8,10.8,10.8,10.8,10.8,11.8,11.8,11.8,11.8,11.8,11.8,11.8,11.8,11.8,11.8,11.8,11.8,10.7,10.7,10.7,10.7,10.7,10.7,10.7,10.7,10.7,10.7,10.7,10.7,10.1,10.1,10.1,10.1,10.1,10.1
71,2.5,2.5,2.5,2.5,2.5,2.5,2.5,3.2,3.2,3.2,3.2,3.2,3.2,3.2,3.2,3.2,3.2,3.2,0,0,0,0,0,0,0,0,0,0,0,0,0,3.2,3.6,3.6,3.6,3.6,3.6,3.6,3.6,3.6,3.6,3.6,3.6,3.1,3.1,3.1,3.1,3.1,3.1,3.1,3.1,3.1,3.1,3.1,3.1,3,3,3,3,3,3,3,3,3,3,3,3,2.2,2.2,2.2,2.2,2.2,2.2,2.2,2.2,2.2,2.2,2.2,2.2,1.9,1.9,1.9
72,0.5,0.5,0.5,0.5,0.5,0.5,221.9,221.9,221.9,221.9,221.9,221.9,221.9,221.9,221.9,221.9,221.9,221.9,74.7,74.7,74.7,74.7,74.7,74.7,74.7,74.7,74.7,74.7,74.7,74.7,178.3,178.3,178.3,178.3,178.3,178.3,178.3,178.3,178.3,178.3,178.3,178.3,174.4,174.4,174.4,174.4,174.4,174.4,174.4,174.4,174.4,174.4,174.4,174.4,208.9,208.9,208.9,208.9,208.9,208.9,208.9,208.9,208.9,208.9,208.9,208.9,118.1,118.1,118.1,118.1,118.1,118.1,118.1,118.1,118.1,118.1,118.1,118.1,0.7,0.7,0.7,0.7
73,1.3,1.3,1.3,1.3,1.3,3.9,3.9,3.9,3.9,3.9,3.9,3.9,3.9,3.9,3.9,3.9,3.9,3.2,3.2,3.2,3.2,3.2,3.2,3.2,3.2,3.2,3.2,3.2,3.2,4.9,4.9,4.9,4.9,4.9,4.9,4.9,4.9,4.9,4.9,4.9,4.9,3.8,3.8,3.8,3.8,3.8,3.8,3.8,3.8,3.8,3.8,3.8,3.8,4.9,4.9,4.9,4.9,4.9,4.9,4.9,4.9,4.9,4.9,4.9,4.9,4,4,4,4,4,4,4,4,4,4,4,4,2.3,2.3,2.3,2.3,2.3
74,13.2,13.2,13.2,13.2,13.2,13.2,15.5,15.5,15.5,15.5,15.5,15.5,15.5,15.5,15.5,15.5,15.5,15.5,16,16,16,16,16,16,16,16,16,16,16,16,16.6,16.6,16.6,16.6,16.6,16.6,16.6,16.6,16.6,16.6,16.6,16.6,15.8,15.8,15.8,15.8,15.8,15.8,15.8,15.8,15.8,15.8,15.8,15.8,16.8,16.8,16.8,16.8,16.8,16.8,16.8,16.8,16.8,16.8,16.8,16.8,16.1,16.1,16.1,16.1,16.1,16.1,16.1,16.1,16.1,16.1,16.1,16.1,16.5,16.5,16.5,16.5
75,1,1,1,1,1,71.4,71.4,71.4,71.4,71.4,71.4,71.4,71.4,71.4,71.4,71.4,70.2,5.4,5.4,5.4,5.4,5.4,5.4,5.4,5.4,5.4,5.4,5.4,5.4,87.4,87.4,87.4,87.4,87.4,87.4,87.4,87.4,87.4,87.4,87.4,87.4,1.5,2.9,2.9,2.9,2.9,2.9,2.9,2.9,2.9,2.9,2.9,2.9,2.9,82.4,82.4,82.4,82.4,82.4,82.4,82.4,82.4,82.4,82.4,82.4,81,0.8,0.8,0.8,0.8,0.8,0.8,0.8,0.8,0.8,0.8,0.8,0.8,0.8,0.8,0.8,0.8
76,1,1,1,1,2.3,2.3,2.3,2.3,2.3,2.3,2.3,2.3,2.3,2.3,2.3,2.2,2.5,2.5,2.5,2.5,2.5,2.5,2.5,2.5,2.5,2.5,2.5,2.5,3.2,3.2,3.2,3.2,3.2,3.2,3.2,3.2,3.2,3.2,3.2,3.2,0.1,2.9,2.9,2.9,2.9,2.9,2.9,2.9,2.9,2.9,2.9,2.9,2.9,2.3,2.3,2.3,2.3,2.3,2.3,2.3,2.3,2.3,2.3,2.3,2.3,1,1,1,1,1,1,1,1,1,1,1,1,0.8,0.8,0.8,0.8,0.8
77,5.7,5.7,5.7,5.7,5.7,5.7,5.7,5.7,5.7,5.7,5.7,5.7,5.7,5.7,5.7,5.7,5.7,5.7,5.7,5.7,5.7,5.7,5.7,5.7,5.7,5.7,5.7,5.7,5.7,5.7,5.7,5.7,5.7,5.7,5.7,5.7,5.7,5.7,5.7,5.7,5.7,5.7,5.7,5.7,5.7,5.7,5.7,5.7,5.7,5.7,5.7,5.7,5.7,5.7,5.7,5.7,5.7,5.7,5.7,5.7,5.7,5.7,5.7,5.7,5.7,5.7,5.7,5.7,5.7,5.7,5.7,5.7,5.7,5.7,5.7,5.7,5.7,5.7,5.7,5.7,5.7,5.7
78,2.1,2.1,2.1,2.1,2.1,2.1,2.1,2.1,2.1,2.1,2.1,2.1,2.1,2.1,2.1,2.1,2.1,2.1,2.7,2.7,2.7,2.7,2.7,2.7,2.7,2.7,2.7,2.7,2.7,2.7,1.6,1.6,1.6,1.6,1.6,1.6,1.6,1.6,1.6,1.6,1.6,1.6,1.7,1.7,1.7,1.7,1.7,1.7,1.7,1.7,1.7,1.7,1.7,1.7,1.7,1.7,1.7,1.7,1.7,1.7,1.7,1.7,1.7,1.7,1.7,1.7,2.2,2.2,2.2,2.2,2.2,2.2,2.2,2.2,2.2,2.2,2.2,2.2,1.4,1.4,1.4,1.4
79,2.1,2.1,2.1,2.1,2.1,2.1,2.1,3.6,3.6,3.6,3.6,3.6,3.6,3.6,3.6,3.6,3.6,3.6,3.6,2.1,2.1,2.1,2.1,2.1,2.1,2.1,2.1,2.1,2.1,2.1,2.1,3.4,3.4,3.4,3.4,3.4,3.4,3.4,3.4,3.4,3.4,3.4,0,0,0,0,0,0,0,0,0,0,0,0,0,3.1,3.1,3.1,3.1,3.1,3.1,3.1,3.1,3.1,3.1,3.1,3.1,2.5,2.5,2.5,2.5,2.5,2.5,2.5,2.5,2.5,2.5,2.5,2.5,0.7,0.7,0.7
80,5.06,5.06,5.06,5.06,5.06,5.06,207.02,207.02,207.02,207.02,207.02,207.02,207.02,207.02,207.02,207.02,207.02,207.02,43.67,43.67,43.67,43.67,43.67,43.67,43.67,43.67,43.67,43.67,43.67,0,0,0,0,0,0,0,0,0,0,0,0,0,0,29.26,29.26,29.26,29.26,29.26,29.26,29.26,29.26,29.26,29.26,29.26,169.62,169.62,169.62,169.62,169.62,169.62,169.62,169.62,169.62,169.62,169.62,169.62,20.13,20.13,20.13,20.13,20.13,20.13,20.13,20.13,20.13,20.13,20.13,20.13,215.71,215.71,215.71,215.71
81,1.9,1.9,1.9,1.9,1.9,4.7,4.7,4.7,4.7,4.7,4.7,4.7,4.7,4.7,4.7,4.7,0,0,0,0,0,0,0,0,0,0,0,0,0,4.2,4.3,4.3,4.3,4.3,4.3,4.3,4.3,4.3,4.3,4.3,4.3,4,4,4,4,4,4,4,4,4,4,4,4,4.2,4.2,4.2,4.2,4.2,4.2,4.2,4.2,4.2,4.2,4.2,4.2,3.1,3.1,3.1,3.1,3.1,3.1,3.1,3.1,3.1,3.1,3.1,3.1,1.8,1.8,1.8,1.8,1.8
82,0,0,0,271.6,271.6,271.6,271.6,271.6,271.6,271.6,271.6,271.6,271.6,271.6,271.6,271.6,271.6,271.6,271.6,271.6,271.6,271.6,271.6,271.6,271.6,271.6,271.6,271.6,271.6,271.6,271.6,271.6,271.6,271.6,271.6,271.6,271.6,271.6,271.6,271.6,271.6,271.6,271.6,271.6,271.6,271.6,271.6,271.6,271.6,271.6,271.6,271.6,271.6,271.6,271.6,271.6,271.6,271.6,271.6,271.6,271.6,271.6,271.6,271.6,271.6,271.6,271.6,271.6,271.6,271.6,271.6,271.6,271.6,271.6,271.6,271.6,271.6,271.6,271.6,271.6,271.6,271.6
83,7.6,7.6,7.6,7.6,7.6,290.3,290.3,290.3,290.3,290.3,290.3,290.3,290.3,290.3,290.3,290.3,290.3,156.7,156.7,156.7,156.7,156.7,156.7,156.7,156.7,156.7,156.7,156.7,156.7,152.5,220.3,220.3,220.3,220.3,220.3,220.3,220.3,220.3,220.3,220.3,220.3,276.5,276.5,276.5,276.5,276.5,276.5,276.5,276.5,276.5,276.5,276.5,276.5,265.2,265.2,265.2,265.2,265.2,265.2,265.2,265.2,265.2,265.2,265.2,265.2,109.4,109.4,109.4,109.4,109.4,109.4,109.4,109.4,109.4,109.4,109.4,109.4,15,15,15,15,15
84,5.7,5.7,5.7,5.7,5.7,5.7,0,0,0,0,0,0,0,0,0,0,0,0,0,5.1,6.9,6.9,6.9,6.9,6.9,6.9,6.9,6.9,6.9,6.9,6.9,8.7,8.7,8.7,8.8,8.8,8.8,8.8,8.8,8.8,8.8,8.8,8.8,7,7,7,7,7,7,7,7,7,7,7,7,11.7,11.7,11.7,11.7,11.7,11.7,11.7,11.7,11.7,11.7,11.7,11.7,7.1,7.1,7.1,7.1,7.1,7.1,7.1,7.1,7.1,7.1,7.1,7.1,4.8,4.8,4.8
85,3.9,3.9,3.9,3.9,3.9,3.9,0,0,0,0,0,0,0,0,0,0,0,0,0,3.4,3.1,3.1,3.1,3.1,3.1,3.1,3.1,3.1,3.1,3.1,3.1,4.5,4.5,4.5,4.5,4.5,4.5,4.5,4.5,4.5,4.5,4.5,4.5,4.2,4.2,4.2,4.2,4.2,4.2,4.2,4.2,4.2,4.2,4.2,4.2,4.5,4.5,4.5,4.5,4.5,4.5,4.5,4.5,4.5,4.5,4.5,4.5,5.1,5.1,5.1,5.1,5.1,5.1,5.1,5.1,5.1,5.1,5.1,5.1,4.8,4.8,4.8
86,2.7,2.6,2.6,2.6,2.6,2.6,2.6,2.6,2.6,2.6,2.6,2.6,2.6,2.6,2.6,2.6,2.6,2.6,2.6,2.6,2.6,2.6,2.6,2.6,2.6,2.6,2.6,2.6,2.6,2.6,2.6,2.6,2.6,2.6,2.6,2.6,2.6,2.6,2.6,2.6,2.6,2.6,2.6,2.6,2.6,2.6,2.6,2.6,2.6,2.8,2.8,2.8,2.8,2.8,2.8,2.8,2.8,2.8,2.8,2.8,2.8,2.8,2.8,2.8,2.8,2.8,2.8,2.8,2.8,2.8,2.8,2.8,0,0,0,0,0,0,0,0,0,0
87,1.3,1.3,1.3,1.3,1.3,3.7,3.7,3.7,3.7,3.7,3.7,3.7,3.7,3.7,3.7,3.7,3.7,0.1,3.5,3.5,3.5,3.5,3.5,3.5,3.5,3.5,3.5,3.5,3.5,3.5,4.4,4.4,4.4,4.4,4.4,4.4,4.4,4.4,4.4,4.4,4.4,0,0,0,0,0,0,0,0,0,0,0,0,0,4.1,4.5,4.5,4.5,4.5,4.5,4.5,4.5,4.5,4.5,4.5,4.4,3.2,3.2,3.2,3.2,3.2,3.2,3.2,3.2,3.2,3.2,3.2,3.2,1.1,1.1,1.1,1.1
88,17.2,17.2,17.2,17.2,18.2,18.2,18.2,18.2,18.2,18.2,18.2,18.2,18.2,18.2,18.2,0,0,0,0,0,0,0,0,0,0,0,0,0,18.3,20,20,20,20,20,20,20,20,20,20,20,17.7,17.7,17.7,17.7,17.7,17.7,17.7,17.7,17.7,17.7,17.7,17.7,18.5,18.5,18.5,18.5,18.5,18.5,18.5,18.5,18.5,18.5,18.5,18.5,13.8,13.8,13.8,13.8,13.8,13.8,13.8,13.8,13.8,13.8,13.8,13.8,17.1,17.1,17.1,17.1,17.1,17.1
89,11.79,11.79,11.79,11.79,11.79,14.4,14.4,14.4,14.4,14.4,14.4,14.4,14.4,14.4,14.4,14.4,14.4,0.27,13.05,13.05,13.05,13.05,13.05,13.05,13.05,13.05,13.05,13.05,13.05,13.05,14.4,14.4,14.4,14.4,14.4,14.4,14.4,14.4,14.4,14.4,14.4,14.22,12.96,12.96,12.96,12.96,12.96,12.96,12.96,12.96,12.96,12.96,12.96,12.96,15.12,15.12,15.12,15.12,15.12,15.12,15.12,15.12,15.12,15.12,15.12,15.12,0.27,13.5,13.5,13.5,13.5,13.5,13.5,13.5,13.5,13.5,13.5,13.5,13.5,13.5,13.5,13.5
90,9.5,9.5,9.5,9.3,8.5,8.5,8.5,8.5,8.5,8.5,8.5,8.5,8.5,8.5,8.5,8.5,8.9,8.9,8.9,8.9,8.9,8.9,8.9,8.9,8.9,8.9,8.9,8.9,8.5,8.5,8.5,8.5,8.5,8.5,8.5,8.5,8.5,8.5,8.5,8.5,0.1,8.6,8.6,8.6,8.6,8.6,8.6,8.6,8.6,8.6,8.6,8.6,8.6,8.8,8.8,8.8,8.8,8.8,8.8,8.8,8.8,8.8,8.8,8.8,8.8,9.4,9.4,9.4,9.4,9.4,9.4,9.4,9.4,9.4,9.4,9.4,9.4,9.4,9.4,9.4,9.4,9.4
91,0.9,0.9,0.9,0.9,0.9,87.8,87.8,87.8,87.8,87.8,87.8,87.8,87.8,87.8,87.8,87.8,87.8,1.2,1.2,1.2,1.2,1.2,1.2,1.2,1.2,1.2,1.2,1.2,0,0,0,0,0,0,0,0,0,0,0,0,0,0,0.6,0.6,0.6,0.6,0.6,0.6,0.6,0.6,0.6,0.6,0.6,111.3,111.3,111.3,111.3,111.3,111.3,111.3,111.3,111.3,111.3,111.3,111.3,0.9,0.9,0.9,0.9,0.9,0.9,0.9,0.9,0.9,0.9,0.9,0.9,1.1,1.1,1.1,1.1,1.1
92,5.9,5.9,5.9,8.9,8.9,8.9,8.9,8.9,8.9,8.9,8.9,8.9,8.9,8.9,8.9,8.5,8.5,8.5,8.5,8.5,8.5,8.5,8.5,8.5,8.5,8.5,0,0,0,0,0,0,0,0,0,0,0,0,0,9.6,12.1,12.1,12.1,12.1,12.1,12.1,12.1,12.1,12.1,12.1,12.1,7,7,7,7,7,7,7,7,7,7,7,7,10.9,10.9,10.9,10.9,10.9,10.9,10.9,10.9,10.9,10.9,10.9,10.9,6.4,6.4,6.4,6.4,6.4,6.4,6.4
93,0,0,0,98.3,98.3,98.3,98.3,98.3,98.3,98.3,98.3,98.3,98.3,98.3,98.3,98.3,98.3,98.3,98.3,98.3,98.3,98.3,98.3,98.3,98.3,98.3,98.3,98.3,98.3,98.3,98.3,98.3,98.3,98.3,98.3,98.3,98.3,98.3,98.3,98.3,98.3,98.3,98.3,98.3,98.3,98.3,98.3,98.3,98.3,98.3,98.3,98.3,98.3,98.3,98.3,98.3,98.3,98.3,98.3,98.3,98.3,98.3,98.3,98.3,98.3,98.3,98.3,98.3,98.3,98.3,98.3,98.3,98.3,98.3,98.3,98.3,98.3,98.3,98.3,98.3,98.3,98.3
94,16.6,16.6,16.6,16.6,16.6,16.6,20.9,20.9,20.9,20.9,20.9,20.9,20.9,20.9,20.9,20.9,20.9,20.9,21.5,21.5,21.5,21.5,21.5,21.5,21.5,21.5,21.5,21.5,21.5,21.5,18.6,18.6,18.6,18.6,18.6,18.6,18.6,18.6,18.6,18.6,18.6,0,0,0,0,0,0,0,0,0,0,0,0,0,18.9,20.6,20.6,20.6,20.6,20.6,20.6,20.6,20.6,20.6,20.6,20.6,18.3,18.3,18.3,18.3,18.3,18.3,18.3,18.3,18.3,18.3,18.3,18.3,20.7,20.7,20.7,20.7
95,2.9,2.9,2.9,2.9,2.9,2.9,2.9,2.7,2.7,2.7,2.7,2.7,2.7,2.7,2.7,2.7,2.7,2.7,2.6,3,3,3,3,3,3,3,3,3,3,3,3,2.8,2.8,2.8,2.8,2.8,2.8,2.8,2.8,2.8,2.8,2.8,2.8,0,2.8,2.8,2.8,2.8,2.8,2.8,2.8,2.8,2.8,2.8,2.8,2.8,3,3,3,3,3,3,3,3,3,3,3,2.9,3.3,3.3,3.3,3.3,3.3,3.3,3.3,3.3,3.3,3.3,3.3,3.3,3.4,3.4
96,31.6,31.6,31.6,31.6,31.6,28.3,28.3,28.3,28.3,28.3,28.3,28.3,28.3,28.3,28.3,28.3,28.3,26.9,27.1,27.3,27.3,27.3,27.3,27.3,27.3,27.3,27.3,27.3,27.3,36.2,36.2,36.2,36.2,36.2,36.2,36.2,36.2,36.2,36.2,36.2,36.2,30.1,30.1,30.1,30.1,30.1,30.1,30.1,30.1,30.1,30.1,30.1,30.1,33.5,33.5,33.5,33.5,33.5,33.5,33.5,33.5,33.5,33.5,33.5,33.5,37.9,37.9,37.9,37.9,37.9,37.9,37.9,37.9,37.9,37.9,37.9,37.9,27.9,27.9,27.9,27.9,27.9
97,1.5,1.5,0,0,0,0,0,0,0,1.2,1.1,1.1,1.1,1.1,1.1,1.1,1.1,1.1,1.1,1.1,1.1,1.1,1.1,1.1,1.1,1.1,1.1,0.4,13.1,13.1,13.1,13.1,13.1,7.9,0.2,0.2,0.2,0.2,0.2,0.2,0.2,0.2,0.2,0.2,0.2,0.2,0.2,0.2,0.2,0.2,0.2,0.2,0.1,14.5,14.5,14.5,14.5,14.5,9,1.2,1.2,1.2,1.2,1.2,1.2,1.2,1.2,1.2,1.2,1.2,1.2,1.2,1.2,1.2,1.2,1.2,1.2,0.5,2.7,2.7,2.7,2.7
98,20.5,20.5,20.5,20.5,20.5,26.9,26.9,26.9,26.9,26.9,26.9,26.9,26.9,26.9,26.9,26.9,26.9,22,22,22,22,22,22,22,22,22,22,22,22,0.4,24.2,24.4,25,25,25,25,25,25,25,25,25,25,25.4,25.4,25.4,25.4,25.4,25.4,25.4,25.4,25.4,25.4,25.4,25.4,27.3,27.3,27.3,27.3,27.3,27.3,27.3,27.3,27.3,27.3,27.3,27.3,26.3,26.3,26.3,26.3,26.3,26.3,26.3,26.3,26.3,26.3,26.3,25.9,24.4,24.4,24.4,24.4
99,4.3,4.3,4.3,4.3,4.3,4.3,4.3,5.1,5.1,5.1,5.1,5.1,5.1,5.1,5.1,5.1,5.1,5.1,5.1,5.1,5.1,5.1,5.1,5.1,5.1,5.1,5.1,5.1,5.1,5.1,0,0,0,0,0,0,0,0,0,0,0,0,0,0,0,0,0,0,0,0,0,0,0,0,0,3,1.1,1.1,1.1,1.1,1.1,1.1,1.1,1.1,1.1,1.1,1.1,1.1,1.1,1.1,1.1,1.1,1.1,1.1,1.1,1.1,1.1,1.1,1.1,1.1,1.1,1.1
100,4,4,4,4,4,4,4,4,4,4,4,4,4,4,4,4,4,4,4,4,4,4,4,4,4,4,4,4,4,4,4,4,4,4,4,4,4,4,4,4,4,4,4,4,4,4,4,4,4,4,4,4,4,4,4,4,4,4,4,4,4,4,4,4,4,4,4,4,4,4,4,4,4,4,4,4,4,4,4,4,4,4
